"filename", "language", "pip requirements", "Python", "C++", "Markdown", "reStructuredText", "Ini", "CMake", "toml", "Shell Script", "XML", "CSS", "YAML", "JSON", "comment", "blank", "total"
"c:\Users\Moin\VSCodeProject\bmslogic\.github\workflows\python-app.yml", "YAML", 0, 0, 0, 0, 0, 0, 0, 0, 0, 0, 0, 29, 0, 1, 4, 34
"c:\Users\Moin\VSCodeProject\bmslogic\README.md", "Markdown", 0, 0, 0, 104, 0, 0, 0, 0, 0, 0, 0, 0, 0, 0, 35, 139
"c:\Users\Moin\VSCodeProject\bmslogic\bmslogic\__init__.py", "Python", 0, 0, 0, 0, 0, 0, 0, 0, 0, 0, 0, 0, 0, 0, 1, 1
"c:\Users\Moin\VSCodeProject\bmslogic\bmslogic\calc_helpers\__init__.py", "Python", 0, 0, 0, 0, 0, 0, 0, 0, 0, 0, 0, 0, 0, 0, 1, 1
"c:\Users\Moin\VSCodeProject\bmslogic\bmslogic\calc_helpers\constants.h", "C++", 0, 0, 12, 0, 0, 0, 0, 0, 0, 0, 0, 0, 0, 10, 6, 28
"c:\Users\Moin\VSCodeProject\bmslogic\bmslogic\calc_helpers\constants.py", "Python", 0, 11, 0, 0, 0, 0, 0, 0, 0, 0, 0, 0, 0, 1, 3, 15
"c:\Users\Moin\VSCodeProject\bmslogic\bmslogic\calc_helpers\errors.py", "Python", 0, 20, 0, 0, 0, 0, 0, 0, 0, 0, 0, 0, 0, 1, 5, 26
"c:\Users\Moin\VSCodeProject\bmslogic\bmslogic\calc_helpers\kalman_filter.py", "Python", 0, 276, 0, 0, 0, 0, 0, 0, 0, 0, 0, 0, 0, 6, 61, 343
"c:\Users\Moin\VSCodeProject\bmslogic\bmslogic\calc_helpers\matrix_operations.py", "Python", 0, 19, 0, 0, 0, 0, 0, 0, 0, 0, 0, 0, 0, 0, 5, 24
"c:\Users\Moin\VSCodeProject\bmslogic\bmslogic\calc_helpers\numerical_diff.py", "Python", 0, 21, 0, 0, 0, 0, 0, 0, 0, 0, 0, 0, 0, 0, 7, 28
"c:\Users\Moin\VSCodeProject\bmslogic\bmslogic\calc_helpers\ode_solvers.py", "Python", 0, 44, 0, 0, 0, 0, 0, 0, 0, 0, 0, 0, 0, 0, 12, 56
"c:\Users\Moin\VSCodeProject\bmslogic\bmslogic\calc_helpers\utils.py", "Python", 0, 18, 0, 0, 0, 0, 0, 0, 0, 0, 0, 0, 0, 0, 7, 25
"c:\Users\Moin\VSCodeProject\bmslogic\bmslogic\extern\owl.cpp", "C++", 0, 0, 866, 0, 0, 0, 0, 0, 0, 0, 0, 0, 0, 1231, 115, 2212
"c:\Users\Moin\VSCodeProject\bmslogic\bmslogic\extern\owl.h", "C++", 0, 0, 144, 0, 0, 0, 0, 0, 0, 0, 0, 0, 0, 116, 27, 287
"c:\Users\Moin\VSCodeProject\bmslogic\bmslogic\parameter_sets\Gao-Randall-Han\funcs.py", "Python", 0, 60, 0, 0, 0, 0, 0, 0, 0, 0, 0, 0, 0, 0, 21, 81
"c:\Users\Moin\VSCodeProject\bmslogic\bmslogic\parameter_sets\parameter_sets_ecm\test\funcs.py", "Python", 0, 10, 0, 0, 0, 0, 0, 0, 0, 0, 0, 0, 0, 1, 6, 17
"c:\Users\Moin\VSCodeProject\bmslogic\bmslogic\parameter_sets\test\funcs.py", "Python", 0, 60, 0, 0, 0, 0, 0, 0, 0, 0, 0, 0, 0, 0, 21, 81
"c:\Users\Moin\VSCodeProject\bmslogic\bmslogic\parameter_sets\test_single_particle_only\funcs.py", "Python", 0, 60, 0, 0, 0, 0, 0, 0, 0, 0, 0, 0, 0, 0, 21, 81
"c:\Users\Moin\VSCodeProject\bmslogic\bmslogic\simulations\__init__.py", "Python", 0, 0, 0, 0, 0, 0, 0, 0, 0, 0, 0, 0, 0, 0, 1, 1
"c:\Users\Moin\VSCodeProject\bmslogic\bmslogic\simulations\cell\__init__.py", "Python", 0, 0, 0, 0, 0, 0, 0, 0, 0, 0, 0, 0, 0, 0, 1, 1
"c:\Users\Moin\VSCodeProject\bmslogic\bmslogic\simulations\cell\battery_components.cpp", "C++", 0, 0, 104, 0, 0, 0, 0, 0, 0, 0, 0, 0, 0, 56, 13, 173
"c:\Users\Moin\VSCodeProject\bmslogic\bmslogic\simulations\cell\battery_components.h", "C++", 0, 0, 137, 0, 0, 0, 0, 0, 0, 0, 0, 0, 0, 19, 13, 169
"c:\Users\Moin\VSCodeProject\bmslogic\bmslogic\simulations\cell\battery_components.py", "Python", 0, 324, 0, 0, 0, 0, 0, 0, 0, 0, 0, 0, 0, 32, 64, 420
"c:\Users\Moin\VSCodeProject\bmslogic\bmslogic\simulations\cell\bindings_cpp_py.cpp", "C++", 0, 0, 245, 0, 0, 0, 0, 0, 0, 0, 0, 0, 0, 57, 31, 333
"c:\Users\Moin\VSCodeProject\bmslogic\bmslogic\simulations\cell\common_includes.h", "C++", 0, 0, 1, 0, 0, 0, 0, 0, 0, 0, 0, 0, 0, 0, 0, 1
"c:\Users\Moin\VSCodeProject\bmslogic\bmslogic\simulations\cell\custom_warnings_exceptions.py", "Python", 0, 36, 0, 0, 0, 0, 0, 0, 0, 0, 0, 0, 0, 0, 18, 54
"c:\Users\Moin\VSCodeProject\bmslogic\bmslogic\simulations\cell\cyclers.cpp", "C++", 0, 0, 81, 0, 0, 0, 0, 0, 0, 0, 0, 0, 0, 20, 12, 113
"c:\Users\Moin\VSCodeProject\bmslogic\bmslogic\simulations\cell\cyclers.h", "C++", 0, 0, 65, 0, 0, 0, 0, 0, 0, 0, 0, 0, 0, 49, 12, 126
"c:\Users\Moin\VSCodeProject\bmslogic\bmslogic\simulations\cell\cyclers.py", "Python", 0, 368, 0, 0, 0, 0, 0, 0, 0, 0, 0, 0, 0, 16, 68, 452
"c:\Users\Moin\VSCodeProject\bmslogic\bmslogic\simulations\cell\definations.py", "Python", 0, 10, 0, 0, 0, 0, 0, 0, 0, 0, 0, 0, 0, 0, 5, 15
"c:\Users\Moin\VSCodeProject\bmslogic\bmslogic\simulations\cell\models.cpp", "C++", 0, 0, 98, 0, 0, 0, 0, 0, 0, 0, 0, 0, 0, 144, 21, 263
"c:\Users\Moin\VSCodeProject\bmslogic\bmslogic\simulations\cell\models.h", "C++", 0, 0, 40, 0, 0, 0, 0, 0, 0, 0, 0, 0, 0, 30, 9, 79
"c:\Users\Moin\VSCodeProject\bmslogic\bmslogic\simulations\cell\models.py", "Python", 0, 365, 0, 0, 0, 0, 0, 0, 0, 0, 0, 0, 0, 2, 66, 433
"c:\Users\Moin\VSCodeProject\bmslogic\bmslogic\simulations\cell\parameter_set_manager.py", "Python", 0, 294, 0, 0, 0, 0, 0, 0, 0, 0, 0, 0, 0, 20, 48, 362
"c:\Users\Moin\VSCodeProject\bmslogic\bmslogic\simulations\cell\plot.py", "Python", 0, 143, 0, 0, 0, 0, 0, 0, 0, 0, 0, 0, 0, 11, 33, 187
"c:\Users\Moin\VSCodeProject\bmslogic\bmslogic\simulations\cell\pycyclers.py", "Python", 0, 122, 0, 0, 0, 0, 0, 0, 0, 0, 0, 0, 0, 16, 26, 164
"c:\Users\Moin\VSCodeProject\bmslogic\bmslogic\simulations\cell\solution.cpp", "C++", 0, 0, 17, 0, 0, 0, 0, 0, 0, 0, 0, 0, 0, 10, 4, 31
"c:\Users\Moin\VSCodeProject\bmslogic\bmslogic\simulations\cell\solution.h", "C++", 0, 0, 47, 0, 0, 0, 0, 0, 0, 0, 0, 0, 0, 13, 7, 67
"c:\Users\Moin\VSCodeProject\bmslogic\bmslogic\simulations\cell\solution.py", "Python", 0, 511, 0, 0, 0, 0, 0, 0, 0, 0, 0, 0, 0, 18, 96, 625
"c:\Users\Moin\VSCodeProject\bmslogic\bmslogic\simulations\cell\solvers.cpp", "C++", 0, 0, 319, 0, 0, 0, 0, 0, 0, 0, 0, 0, 0, 101, 59, 479
"c:\Users\Moin\VSCodeProject\bmslogic\bmslogic\simulations\cell\solvers.h", "C++", 0, 0, 136, 0, 0, 0, 0, 0, 0, 0, 0, 0, 0, 66, 23, 225
"c:\Users\Moin\VSCodeProject\bmslogic\bmslogic\simulations\cell\solvers\battery.py", "Python", 0, 562, 0, 0, 0, 0, 0, 0, 0, 0, 0, 0, 0, 62, 102, 726
"c:\Users\Moin\VSCodeProject\bmslogic\bmslogic\simulations\cell\solvers\coords.py", "Python", 0, 99, 0, 0, 0, 0, 0, 0, 0, 0, 0, 0, 0, 0, 30, 129
"c:\Users\Moin\VSCodeProject\bmslogic\bmslogic\simulations\cell\solvers\degradation.py", "Python", 0, 114, 0, 0, 0, 0, 0, 0, 0, 0, 0, 0, 0, 0, 17, 131
"c:\Users\Moin\VSCodeProject\bmslogic\bmslogic\simulations\cell\solvers\electrode_conc.py", "Python", 0, 297, 0, 0, 0, 0, 0, 0, 0, 0, 0, 0, 0, 4, 47, 348
"c:\Users\Moin\VSCodeProject\bmslogic\bmslogic\simulations\cell\solvers\electrolyte_conc.py", "Python", 0, 196, 0, 0, 0, 0, 0, 0, 0, 0, 0, 0, 0, 5, 43, 244
"c:\Users\Moin\VSCodeProject\bmslogic\doc\developer_guidelines\coding_standards\cpp.md", "Markdown", 0, 0, 0, 80, 0, 0, 0, 0, 0, 0, 0, 0, 0, 0, 41, 121
"c:\Users\Moin\VSCodeProject\bmslogic\doc\developer_guidelines\coding_standards\py.md", "Markdown", 0, 0, 0, 65, 0, 0, 0, 0, 0, 0, 0, 0, 0, 0, 26, 91
"c:\Users\Moin\VSCodeProject\bmslogic\doc\developer_guidelines\conducting_tests\py.md", "Markdown", 0, 0, 0, 0, 0, 0, 0, 0, 0, 0, 0, 0, 0, 0, 1, 1
"c:\Users\Moin\VSCodeProject\bmslogic\examples\simulations\cell\charge.py", "Python", 0, 26, 0, 0, 0, 0, 0, 0, 0, 0, 0, 0, 0, 1, 11, 38
"c:\Users\Moin\VSCodeProject\bmslogic\examples\simulations\cell\charge_discharge.py", "Python", 0, 34, 0, 0, 0, 0, 0, 0, 0, 0, 0, 0, 0, 1, 11, 46
"c:\Users\Moin\VSCodeProject\bmslogic\examples\simulations\cell\custom_cycler.py", "Python", 0, 34, 0, 0, 0, 0, 0, 0, 0, 0, 0, 0, 0, 1, 14, 49
"c:\Users\Moin\VSCodeProject\bmslogic\examples\simulations\cell\discharge_1.cpp", "C++", 0, 0, 34, 0, 0, 0, 0, 0, 0, 0, 0, 0, 0, 10, 10, 54
"c:\Users\Moin\VSCodeProject\bmslogic\examples\simulations\cell\discharge_1.py", "Python", 0, 31, 0, 0, 0, 0, 0, 0, 0, 0, 0, 0, 0, 1, 11, 43
"c:\Users\Moin\VSCodeProject\bmslogic\examples\simulations\cell\discharge_2.py", "Python", 0, 25, 0, 0, 0, 0, 0, 0, 0, 0, 0, 0, 0, 1, 13, 39
"c:\Users\Moin\VSCodeProject\bmslogic\examples\simulations\cell\discharge_rest.py", "Python", 0, 27, 0, 0, 0, 0, 0, 0, 0, 0, 0, 0, 0, 2, 14, 43
"c:\Users\Moin\VSCodeProject\bmslogic\examples\simulations\cell\dst_cycles.py", "Python", 0, 27, 0, 0, 0, 0, 0, 0, 0, 0, 0, 0, 0, 1, 10, 38
"c:\Users\Moin\VSCodeProject\bmslogic\examples\simulations\cell\example_parameter.py", "Python", 0, 75, 0, 0, 0, 0, 0, 0, 0, 0, 0, 0, 0, 9, 13, 97
"c:\Users\Moin\VSCodeProject\bmslogic\examples\simulations\cell\example_parameters.cpp", "C++", 0, 0, 74, 0, 0, 0, 0, 0, 0, 0, 0, 0, 0, 26, 10, 110
"c:\Users\Moin\VSCodeProject\bmslogic\examples\simulations\cell\general_ocp_functions\negative_electrodes.py", "Python", 0, 10, 0, 0, 0, 0, 0, 0, 0, 0, 0, 0, 0, 0, 8, 18
"c:\Users\Moin\VSCodeProject\bmslogic\examples\simulations\cell\general_ocp_functions\positive_electrodes.py", "Python", 0, 27, 0, 0, 0, 0, 0, 0, 0, 0, 0, 0, 0, 0, 17, 44
"c:\Users\Moin\VSCodeProject\bmslogic\examples\simulations\cell\hppc_steps.py", "Python", 0, 28, 0, 0, 0, 0, 0, 0, 0, 0, 0, 0, 0, 1, 10, 39
"c:\Users\Moin\VSCodeProject\bmslogic\examples\simulations\cell\parameter_estimations\stoic_limits_charge.py", "Python", 0, 25, 0, 0, 0, 0, 0, 0, 0, 0, 0, 0, 0, 1, 9, 35
"c:\Users\Moin\VSCodeProject\bmslogic\examples\simulations\cell\solvers\fvm_electrolyte_solver.py", "Python", 0, 34, 0, 0, 0, 0, 0, 0, 0, 0, 0, 0, 0, 1, 15, 50
"c:\Users\Moin\VSCodeProject\bmslogic\examples\simulations\cell\solvers\solver_romsei.py", "Python", 0, 29, 0, 0, 0, 0, 0, 0, 0, 0, 0, 0, 0, 3, 10, 42
"c:\Users\Moin\VSCodeProject\bmslogic\examples\simulations\cell\tutorials\tutorial1_battery_components.py", "Python", 0, 48, 0, 0, 0, 0, 0, 0, 0, 0, 0, 0, 0, 11, 6, 65
"c:\Users\Moin\VSCodeProject\bmslogic\extern\pybind11\.appveyor.yml", "YAML", 0, 0, 0, 0, 0, 0, 0, 0, 0, 0, 0, 35, 0, 0, 1, 36
"c:\Users\Moin\VSCodeProject\bmslogic\extern\pybind11\.cmake-format.yaml", "YAML", 0, 0, 0, 0, 0, 0, 0, 0, 0, 0, 0, 31, 0, 28, 15, 74
"c:\Users\Moin\VSCodeProject\bmslogic\extern\pybind11\.github\CONTRIBUTING.md", "Markdown", 0, 0, 0, 300, 0, 0, 0, 0, 0, 0, 0, 0, 0, 0, 89, 389
"c:\Users\Moin\VSCodeProject\bmslogic\extern\pybind11\.github\ISSUE_TEMPLATE\bug-report.yml", "YAML", 0, 0, 0, 0, 0, 0, 0, 0, 0, 0, 0, 56, 0, 0, 6, 62
"c:\Users\Moin\VSCodeProject\bmslogic\extern\pybind11\.github\ISSUE_TEMPLATE\config.yml", "YAML", 0, 0, 0, 0, 0, 0, 0, 0, 0, 0, 0, 8, 0, 0, 1, 9
"c:\Users\Moin\VSCodeProject\bmslogic\extern\pybind11\.github\dependabot.yml", "YAML", 0, 0, 0, 0, 0, 0, 0, 0, 0, 0, 0, 14, 0, 1, 1, 16
"c:\Users\Moin\VSCodeProject\bmslogic\extern\pybind11\.github\labeler.yml", "YAML", 0, 0, 0, 0, 0, 0, 0, 0, 0, 0, 0, 7, 0, 0, 2, 9
"c:\Users\Moin\VSCodeProject\bmslogic\extern\pybind11\.github\labeler_merged.yml", "YAML", 0, 0, 0, 0, 0, 0, 0, 0, 0, 0, 0, 3, 0, 0, 1, 4
"c:\Users\Moin\VSCodeProject\bmslogic\extern\pybind11\.github\matchers\pylint.json", "JSON", 0, 0, 0, 0, 0, 0, 0, 0, 0, 0, 0, 0, 32, 0, 1, 33
"c:\Users\Moin\VSCodeProject\bmslogic\extern\pybind11\.github\pull_request_template.md", "Markdown", 0, 0, 0, 6, 0, 0, 0, 0, 0, 0, 0, 0, 0, 6, 8, 20
"c:\Users\Moin\VSCodeProject\bmslogic\extern\pybind11\.github\workflows\ci.yml", "YAML", 0, 0, 0, 0, 0, 0, 0, 0, 0, 0, 0, 872, 0, 94, 237, 1203
"c:\Users\Moin\VSCodeProject\bmslogic\extern\pybind11\.github\workflows\configure.yml", "YAML", 0, 0, 0, 0, 0, 0, 0, 0, 0, 0, 0, 68, 0, 7, 18, 93
"c:\Users\Moin\VSCodeProject\bmslogic\extern\pybind11\.github\workflows\format.yml", "YAML", 0, 0, 0, 0, 0, 0, 0, 0, 0, 0, 0, 45, 0, 6, 10, 61
"c:\Users\Moin\VSCodeProject\bmslogic\extern\pybind11\.github\workflows\labeler.yml", "YAML", 0, 0, 0, 0, 0, 0, 0, 0, 0, 0, 0, 22, 0, 0, 4, 26
"c:\Users\Moin\VSCodeProject\bmslogic\extern\pybind11\.github\workflows\pip.yml", "YAML", 0, 0, 0, 0, 0, 0, 0, 0, 0, 0, 0, 82, 0, 7, 26, 115
"c:\Users\Moin\VSCodeProject\bmslogic\extern\pybind11\.github\workflows\upstream.yml", "YAML", 0, 0, 0, 0, 0, 0, 0, 0, 0, 0, 0, 84, 0, 7, 26, 117
"c:\Users\Moin\VSCodeProject\bmslogic\extern\pybind11\.pre-commit-config.yaml", "YAML", 0, 0, 0, 0, 0, 0, 0, 0, 0, 0, 0, 105, 0, 31, 20, 156
"c:\Users\Moin\VSCodeProject\bmslogic\extern\pybind11\.readthedocs.yml", "YAML", 0, 0, 0, 0, 0, 0, 0, 0, 0, 0, 0, 14, 0, 1, 6, 21
"c:\Users\Moin\VSCodeProject\bmslogic\extern\pybind11\README.rst", "reStructuredText", 0, 0, 0, 0, 131, 0, 0, 0, 0, 0, 0, 0, 0, 12, 39, 182
"c:\Users\Moin\VSCodeProject\bmslogic\extern\pybind11\SECURITY.md", "Markdown", 0, 0, 0, 7, 0, 0, 0, 0, 0, 0, 0, 0, 0, 0, 7, 14
"c:\Users\Moin\VSCodeProject\bmslogic\extern\pybind11\docs\_static\css\custom.css", "CSS", 0, 0, 0, 0, 0, 0, 0, 0, 0, 0, 3, 0, 0, 0, 1, 4
"c:\Users\Moin\VSCodeProject\bmslogic\extern\pybind11\docs\advanced\cast\chrono.rst", "reStructuredText", 0, 0, 0, 0, 62, 0, 0, 0, 0, 0, 0, 0, 0, 2, 18, 82
"c:\Users\Moin\VSCodeProject\bmslogic\extern\pybind11\docs\advanced\cast\custom.rst", "reStructuredText", 0, 0, 0, 0, 68, 0, 0, 0, 0, 0, 0, 0, 0, 5, 21, 94
"c:\Users\Moin\VSCodeProject\bmslogic\extern\pybind11\docs\advanced\cast\eigen.rst", "reStructuredText", 0, 0, 0, 0, 229, 0, 0, 0, 0, 0, 0, 0, 0, 13, 69, 311
"c:\Users\Moin\VSCodeProject\bmslogic\extern\pybind11\docs\advanced\cast\functional.rst", "reStructuredText", 0, 0, 0, 0, 74, 0, 0, 0, 0, 0, 0, 0, 0, 9, 27, 110
"c:\Users\Moin\VSCodeProject\bmslogic\extern\pybind11\docs\advanced\cast\index.rst", "reStructuredText", 0, 0, 0, 0, 31, 0, 0, 0, 0, 0, 0, 0, 0, 2, 11, 44
"c:\Users\Moin\VSCodeProject\bmslogic\extern\pybind11\docs\advanced\cast\overview.rst", "reStructuredText", 0, 0, 0, 0, 139, 0, 0, 0, 0, 0, 0, 0, 0, 9, 23, 171
"c:\Users\Moin\VSCodeProject\bmslogic\extern\pybind11\docs\advanced\cast\stl.rst", "reStructuredText", 0, 0, 0, 0, 164, 0, 0, 0, 0, 0, 0, 0, 0, 19, 67, 250
"c:\Users\Moin\VSCodeProject\bmslogic\extern\pybind11\docs\advanced\cast\strings.rst", "reStructuredText", 0, 0, 0, 0, 192, 0, 0, 0, 0, 0, 0, 0, 0, 18, 87, 297
"c:\Users\Moin\VSCodeProject\bmslogic\extern\pybind11\docs\advanced\classes.rst", "reStructuredText", 0, 0, 0, 0, 904, 0, 0, 0, 0, 0, 0, 0, 0, 102, 330, 1336
"c:\Users\Moin\VSCodeProject\bmslogic\extern\pybind11\docs\advanced\embedding.rst", "reStructuredText", 0, 0, 0, 0, 168, 0, 0, 0, 0, 0, 0, 0, 0, 14, 81, 263
"c:\Users\Moin\VSCodeProject\bmslogic\extern\pybind11\docs\advanced\exceptions.rst", "reStructuredText", 0, 0, 0, 0, 296, 0, 0, 0, 0, 0, 0, 0, 0, 20, 86, 402
"c:\Users\Moin\VSCodeProject\bmslogic\extern\pybind11\docs\advanced\functions.rst", "reStructuredText", 0, 0, 0, 0, 394, 0, 0, 0, 0, 0, 0, 0, 0, 54, 167, 615
"c:\Users\Moin\VSCodeProject\bmslogic\extern\pybind11\docs\advanced\misc.rst", "reStructuredText", 0, 0, 0, 0, 282, 0, 0, 0, 0, 0, 0, 0, 0, 30, 118, 430
"c:\Users\Moin\VSCodeProject\bmslogic\extern\pybind11\docs\advanced\pycpp\index.rst", "reStructuredText", 0, 0, 0, 0, 9, 0, 0, 0, 0, 0, 0, 0, 0, 1, 4, 14
"c:\Users\Moin\VSCodeProject\bmslogic\extern\pybind11\docs\advanced\pycpp\numpy.rst", "reStructuredText", 0, 0, 0, 0, 311, 0, 0, 0, 0, 0, 0, 0, 0, 24, 121, 456
"c:\Users\Moin\VSCodeProject\bmslogic\extern\pybind11\docs\advanced\pycpp\object.rst", "reStructuredText", 0, 0, 0, 0, 158, 0, 0, 0, 0, 0, 0, 0, 0, 32, 97, 287
"c:\Users\Moin\VSCodeProject\bmslogic\extern\pybind11\docs\advanced\pycpp\utilities.rst", "reStructuredText", 0, 0, 0, 0, 99, 0, 0, 0, 0, 0, 0, 0, 0, 14, 43, 156
"c:\Users\Moin\VSCodeProject\bmslogic\extern\pybind11\docs\advanced\smart_ptrs.rst", "reStructuredText", 0, 0, 0, 0, 107, 0, 0, 0, 0, 0, 0, 0, 0, 14, 54, 175
"c:\Users\Moin\VSCodeProject\bmslogic\extern\pybind11\docs\basics.rst", "reStructuredText", 0, 0, 0, 0, 174, 0, 0, 0, 0, 0, 0, 0, 0, 33, 101, 308
"c:\Users\Moin\VSCodeProject\bmslogic\extern\pybind11\docs\benchmark.py", "Python", 0, 74, 0, 0, 0, 0, 0, 0, 0, 0, 0, 0, 0, 0, 14, 88
"c:\Users\Moin\VSCodeProject\bmslogic\extern\pybind11\docs\benchmark.rst", "reStructuredText", 0, 0, 0, 0, 53, 0, 0, 0, 0, 0, 0, 0, 0, 16, 27, 96
"c:\Users\Moin\VSCodeProject\bmslogic\extern\pybind11\docs\changelog.rst", "reStructuredText", 0, 0, 0, 0, 2163, 0, 0, 0, 0, 0, 0, 0, 0, 17, 827, 3007
"c:\Users\Moin\VSCodeProject\bmslogic\extern\pybind11\docs\classes.rst", "reStructuredText", 0, 0, 0, 0, 347, 0, 0, 0, 0, 0, 0, 0, 0, 51, 158, 556
"c:\Users\Moin\VSCodeProject\bmslogic\extern\pybind11\docs\cmake\index.rst", "reStructuredText", 0, 0, 0, 0, 5, 0, 0, 0, 0, 0, 0, 0, 0, 1, 3, 9
"c:\Users\Moin\VSCodeProject\bmslogic\extern\pybind11\docs\compiling.rst", "reStructuredText", 0, 0, 0, 0, 407, 0, 0, 0, 0, 0, 0, 0, 0, 54, 189, 650
"c:\Users\Moin\VSCodeProject\bmslogic\extern\pybind11\docs\conf.py", "Python", 0, 92, 0, 0, 0, 0, 0, 0, 0, 0, 0, 0, 0, 184, 93, 369
"c:\Users\Moin\VSCodeProject\bmslogic\extern\pybind11\docs\faq.rst", "reStructuredText", 0, 0, 0, 0, 203, 0, 0, 0, 0, 0, 0, 0, 0, 18, 88, 309
"c:\Users\Moin\VSCodeProject\bmslogic\extern\pybind11\docs\index.rst", "reStructuredText", 0, 0, 0, 0, 29, 0, 0, 0, 0, 0, 0, 0, 0, 7, 13, 49
"c:\Users\Moin\VSCodeProject\bmslogic\extern\pybind11\docs\installing.rst", "reStructuredText", 0, 0, 0, 0, 62, 0, 0, 0, 0, 0, 0, 0, 0, 10, 34, 106
"c:\Users\Moin\VSCodeProject\bmslogic\extern\pybind11\docs\limitations.rst", "reStructuredText", 0, 0, 0, 0, 54, 0, 0, 0, 0, 0, 0, 0, 0, 0, 19, 73
"c:\Users\Moin\VSCodeProject\bmslogic\extern\pybind11\docs\pybind11_vs_boost_python1.svg", "XML", 0, 0, 0, 0, 0, 0, 0, 0, 0, 427, 0, 0, 0, 0, 1, 428
"c:\Users\Moin\VSCodeProject\bmslogic\extern\pybind11\docs\pybind11_vs_boost_python2.svg", "XML", 0, 0, 0, 0, 0, 0, 0, 0, 0, 427, 0, 0, 0, 0, 1, 428
"c:\Users\Moin\VSCodeProject\bmslogic\extern\pybind11\docs\reference.rst", "reStructuredText", 0, 0, 0, 0, 43, 0, 0, 0, 0, 0, 0, 0, 0, 37, 51, 131
"c:\Users\Moin\VSCodeProject\bmslogic\extern\pybind11\docs\release.rst", "reStructuredText", 0, 0, 0, 0, 87, 0, 0, 0, 0, 0, 0, 0, 0, 3, 54, 144
"c:\Users\Moin\VSCodeProject\bmslogic\extern\pybind11\docs\requirements.txt", "pip requirements", 6, 0, 0, 0, 0, 0, 0, 0, 0, 0, 0, 0, 0, 0, 1, 7
"c:\Users\Moin\VSCodeProject\bmslogic\extern\pybind11\docs\upgrade.rst", "reStructuredText", 0, 0, 0, 0, 413, 0, 0, 0, 0, 0, 0, 0, 0, 23, 159, 595
"c:\Users\Moin\VSCodeProject\bmslogic\extern\pybind11\include\pybind11\attr.h", "C++", 0, 0, 419, 0, 0, 0, 0, 0, 0, 0, 0, 0, 0, 143, 129, 691
"c:\Users\Moin\VSCodeProject\bmslogic\extern\pybind11\include\pybind11\buffer_info.h", "C++", 0, 0, 154, 0, 0, 0, 0, 0, 0, 0, 0, 0, 0, 25, 30, 209
"c:\Users\Moin\VSCodeProject\bmslogic\extern\pybind11\include\pybind11\cast.h", "C++", 0, 0, 1442, 0, 0, 0, 0, 0, 0, 0, 0, 0, 0, 191, 205, 1838
"c:\Users\Moin\VSCodeProject\bmslogic\extern\pybind11\include\pybind11\chrono.h", "C++", 0, 0, 162, 0, 0, 0, 0, 0, 0, 0, 0, 0, 0, 31, 33, 226
"c:\Users\Moin\VSCodeProject\bmslogic\extern\pybind11\include\pybind11\common.h", "C++", 0, 0, 2, 0, 0, 0, 0, 0, 0, 0, 0, 0, 0, 0, 1, 3
"c:\Users\Moin\VSCodeProject\bmslogic\extern\pybind11\include\pybind11\complex.h", "C++", 0, 0, 51, 0, 0, 0, 0, 0, 0, 0, 0, 0, 0, 9, 15, 75
"c:\Users\Moin\VSCodeProject\bmslogic\extern\pybind11\include\pybind11\detail\class.h", "C++", 0, 0, 517, 0, 0, 0, 0, 0, 0, 0, 0, 0, 0, 122, 110, 749
"c:\Users\Moin\VSCodeProject\bmslogic\extern\pybind11\include\pybind11\detail\common.h", "C++", 0, 0, 837, 0, 0, 0, 0, 0, 0, 0, 0, 0, 0, 295, 136, 1268
"c:\Users\Moin\VSCodeProject\bmslogic\extern\pybind11\include\pybind11\detail\descr.h", "C++", 0, 0, 129, 0, 0, 0, 0, 0, 0, 0, 0, 0, 0, 17, 26, 172
"c:\Users\Moin\VSCodeProject\bmslogic\extern\pybind11\include\pybind11\detail\init.h", "C++", 0, 0, 320, 0, 0, 0, 0, 0, 0, 0, 0, 0, 0, 70, 45, 435
"c:\Users\Moin\VSCodeProject\bmslogic\extern\pybind11\include\pybind11\detail\internals.h", "C++", 0, 0, 479, 0, 0, 0, 0, 0, 0, 0, 0, 0, 0, 130, 59, 668
"c:\Users\Moin\VSCodeProject\bmslogic\extern\pybind11\include\pybind11\detail\type_caster_base.h", "C++", 0, 0, 838, 0, 0, 0, 0, 0, 0, 0, 0, 0, 0, 249, 132, 1219
"c:\Users\Moin\VSCodeProject\bmslogic\extern\pybind11\include\pybind11\detail\typeid.h", "C++", 0, 0, 44, 0, 0, 0, 0, 0, 0, 0, 0, 0, 0, 10, 12, 66
"c:\Users\Moin\VSCodeProject\bmslogic\extern\pybind11\include\pybind11\eigen.h", "C++", 0, 0, 2, 0, 0, 0, 0, 0, 0, 0, 0, 0, 0, 8, 3, 13
"c:\Users\Moin\VSCodeProject\bmslogic\extern\pybind11\include\pybind11\eigen\common.h", "C++", 0, 0, 4, 0, 0, 0, 0, 0, 0, 0, 0, 0, 0, 3, 3, 10
"c:\Users\Moin\VSCodeProject\bmslogic\extern\pybind11\include\pybind11\eigen\matrix.h", "C++", 0, 0, 511, 0, 0, 0, 0, 0, 0, 0, 0, 0, 0, 119, 85, 715
"c:\Users\Moin\VSCodeProject\bmslogic\extern\pybind11\include\pybind11\eigen\tensor.h", "C++", 0, 0, 396, 0, 0, 0, 0, 0, 0, 0, 0, 0, 0, 22, 100, 518
"c:\Users\Moin\VSCodeProject\bmslogic\extern\pybind11\include\pybind11\embed.h", "C++", 0, 0, 176, 0, 0, 0, 0, 0, 0, 0, 0, 0, 0, 108, 33, 317
"c:\Users\Moin\VSCodeProject\bmslogic\extern\pybind11\include\pybind11\eval.h", "C++", 0, 0, 111, 0, 0, 0, 0, 0, 0, 0, 0, 0, 0, 20, 26, 157
"c:\Users\Moin\VSCodeProject\bmslogic\extern\pybind11\include\pybind11\functional.h", "C++", 0, 0, 95, 0, 0, 0, 0, 0, 0, 0, 0, 0, 0, 25, 19, 139
"c:\Users\Moin\VSCodeProject\bmslogic\extern\pybind11\include\pybind11\gil.h", "C++", 0, 0, 151, 0, 0, 0, 0, 0, 0, 0, 0, 0, 0, 58, 39, 248
"c:\Users\Moin\VSCodeProject\bmslogic\extern\pybind11\include\pybind11\gil_safe_call_once.h", "C++", 0, 0, 38, 0, 0, 0, 0, 0, 0, 0, 0, 0, 0, 44, 10, 92
"c:\Users\Moin\VSCodeProject\bmslogic\extern\pybind11\include\pybind11\iostream.h", "C++", 0, 0, 138, 0, 0, 0, 0, 0, 0, 0, 0, 0, 0, 97, 31, 266
"c:\Users\Moin\VSCodeProject\bmslogic\extern\pybind11\include\pybind11\numpy.h", "C++", 0, 0, 1618, 0, 0, 0, 0, 0, 0, 0, 0, 0, 0, 235, 281, 2134
"c:\Users\Moin\VSCodeProject\bmslogic\extern\pybind11\include\pybind11\operators.h", "C++", 0, 0, 167, 0, 0, 0, 0, 0, 0, 0, 0, 0, 0, 18, 18, 203
"c:\Users\Moin\VSCodeProject\bmslogic\extern\pybind11\include\pybind11\options.h", "C++", 0, 0, 54, 0, 0, 0, 0, 0, 0, 0, 0, 0, 0, 16, 23, 93
"c:\Users\Moin\VSCodeProject\bmslogic\extern\pybind11\include\pybind11\pybind11.h", "C++", 0, 0, 2200, 0, 0, 0, 0, 0, 0, 0, 0, 0, 0, 444, 320, 2964
"c:\Users\Moin\VSCodeProject\bmslogic\extern\pybind11\include\pybind11\pytypes.h", "C++", 0, 0, 1867, 0, 0, 0, 0, 0, 0, 0, 0, 0, 0, 417, 291, 2575
"c:\Users\Moin\VSCodeProject\bmslogic\extern\pybind11\include\pybind11\stl.h", "C++", 0, 0, 358, 0, 0, 0, 0, 0, 0, 0, 0, 0, 0, 27, 64, 449
"c:\Users\Moin\VSCodeProject\bmslogic\extern\pybind11\include\pybind11\stl\filesystem.h", "C++", 0, 0, 91, 0, 0, 0, 0, 0, 0, 0, 0, 0, 0, 10, 16, 117
"c:\Users\Moin\VSCodeProject\bmslogic\extern\pybind11\include\pybind11\stl_bind.h", "C++", 0, 0, 637, 0, 0, 0, 0, 0, 0, 0, 0, 0, 0, 68, 119, 824
"c:\Users\Moin\VSCodeProject\bmslogic\extern\pybind11\include\pybind11\type_caster_pyobject_ptr.h", "C++", 0, 0, 48, 0, 0, 0, 0, 0, 0, 0, 0, 0, 0, 2, 12, 62
"c:\Users\Moin\VSCodeProject\bmslogic\extern\pybind11\include\pybind11\typing.h", "C++", 0, 0, 83, 0, 0, 0, 0, 0, 0, 0, 0, 0, 0, 18, 25, 126
"c:\Users\Moin\VSCodeProject\bmslogic\extern\pybind11\noxfile.py", "Python", 0, 85, 0, 0, 0, 0, 0, 0, 0, 0, 0, 0, 0, 0, 23, 108
"c:\Users\Moin\VSCodeProject\bmslogic\extern\pybind11\pybind11\__init__.py", "Python", 0, 13, 0, 0, 0, 0, 0, 0, 0, 0, 0, 0, 0, 0, 5, 18
"c:\Users\Moin\VSCodeProject\bmslogic\extern\pybind11\pybind11\__main__.py", "Python", 0, 50, 0, 0, 0, 0, 0, 0, 0, 0, 0, 0, 0, 2, 11, 63
"c:\Users\Moin\VSCodeProject\bmslogic\extern\pybind11\pybind11\_version.py", "Python", 0, 8, 0, 0, 0, 0, 0, 0, 0, 0, 0, 0, 0, 0, 5, 13
"c:\Users\Moin\VSCodeProject\bmslogic\extern\pybind11\pybind11\commands.py", "Python", 0, 28, 0, 0, 0, 0, 0, 0, 0, 0, 0, 0, 0, 0, 10, 38
"c:\Users\Moin\VSCodeProject\bmslogic\extern\pybind11\pybind11\setup_helpers.py", "Python", 0, 364, 0, 0, 0, 0, 0, 0, 0, 0, 0, 0, 0, 36, 101, 501
"c:\Users\Moin\VSCodeProject\bmslogic\extern\pybind11\pyproject.toml", "toml", 0, 0, 0, 0, 0, 0, 0, 83, 0, 0, 0, 0, 0, 0, 13, 96
"c:\Users\Moin\VSCodeProject\bmslogic\extern\pybind11\setup.cfg", "Ini", 0, 0, 0, 0, 0, 39, 0, 0, 0, 0, 0, 0, 0, 0, 5, 44
"c:\Users\Moin\VSCodeProject\bmslogic\extern\pybind11\setup.py", "Python", 0, 110, 0, 0, 0, 0, 0, 0, 0, 0, 0, 0, 0, 12, 29, 151
"c:\Users\Moin\VSCodeProject\bmslogic\extern\pybind11\tests\conftest.py", "Python", 0, 155, 0, 0, 0, 0, 0, 0, 0, 0, 0, 0, 0, 10, 58, 223
"c:\Users\Moin\VSCodeProject\bmslogic\extern\pybind11\tests\constructor_stats.h", "C++", 0, 0, 223, 0, 0, 0, 0, 0, 0, 0, 0, 0, 0, 80, 20, 323
"c:\Users\Moin\VSCodeProject\bmslogic\extern\pybind11\tests\cross_module_gil_utils.cpp", "C++", 0, 0, 74, 0, 0, 0, 0, 0, 0, 0, 0, 0, 0, 15, 20, 109
"c:\Users\Moin\VSCodeProject\bmslogic\extern\pybind11\tests\cross_module_interleaved_error_already_set.cpp", "C++", 0, 0, 30, 0, 0, 0, 0, 0, 0, 0, 0, 0, 0, 12, 10, 52
"c:\Users\Moin\VSCodeProject\bmslogic\extern\pybind11\tests\eigen_tensor_avoid_stl_array.cpp", "C++", 0, 0, 5, 0, 0, 0, 0, 0, 0, 0, 0, 0, 0, 6, 4, 15
"c:\Users\Moin\VSCodeProject\bmslogic\extern\pybind11\tests\env.py", "Python", 0, 20, 0, 0, 0, 0, 0, 0, 0, 0, 0, 0, 0, 1, 7, 28
"c:\Users\Moin\VSCodeProject\bmslogic\extern\pybind11\tests\extra_python_package\pytest.ini", "Ini", 0, 0, 0, 0, 0, 0, 0, 0, 0, 0, 0, 0, 0, 0, 1, 1
"c:\Users\Moin\VSCodeProject\bmslogic\extern\pybind11\tests\extra_python_package\test_files.py", "Python", 0, 235, 0, 0, 0, 0, 0, 0, 0, 0, 0, 0, 0, 2, 57, 294
"c:\Users\Moin\VSCodeProject\bmslogic\extern\pybind11\tests\extra_setuptools\pytest.ini", "Ini", 0, 0, 0, 0, 0, 0, 0, 0, 0, 0, 0, 0, 0, 0, 1, 1
"c:\Users\Moin\VSCodeProject\bmslogic\extern\pybind11\tests\extra_setuptools\test_setuphelper.py", "Python", 0, 122, 0, 0, 0, 0, 0, 0, 0, 0, 0, 0, 0, 2, 28, 152
"c:\Users\Moin\VSCodeProject\bmslogic\extern\pybind11\tests\local_bindings.h", "C++", 0, 0, 66, 0, 0, 0, 0, 0, 0, 0, 0, 0, 0, 13, 14, 93
"c:\Users\Moin\VSCodeProject\bmslogic\extern\pybind11\tests\object.h", "C++", 0, 0, 119, 0, 0, 0, 0, 0, 0, 0, 0, 0, 0, 47, 40, 206
"c:\Users\Moin\VSCodeProject\bmslogic\extern\pybind11\tests\pybind11_cross_module_tests.cpp", "C++", 0, 0, 82, 0, 0, 0, 0, 0, 0, 0, 0, 0, 0, 44, 24, 150
"c:\Users\Moin\VSCodeProject\bmslogic\extern\pybind11\tests\pybind11_tests.cpp", "C++", 0, 0, 88, 0, 0, 0, 0, 0, 0, 0, 0, 0, 0, 25, 17, 130
"c:\Users\Moin\VSCodeProject\bmslogic\extern\pybind11\tests\pybind11_tests.h", "C++", 0, 0, 65, 0, 0, 0, 0, 0, 0, 0, 0, 0, 0, 6, 15, 86
"c:\Users\Moin\VSCodeProject\bmslogic\extern\pybind11\tests\pytest.ini", "Ini", 0, 0, 0, 0, 0, 22, 0, 0, 0, 0, 0, 0, 0, 0, 1, 23
"c:\Users\Moin\VSCodeProject\bmslogic\extern\pybind11\tests\requirements.txt", "pip requirements", 15, 0, 0, 0, 0, 0, 0, 0, 0, 0, 0, 0, 0, 0, 1, 16
"c:\Users\Moin\VSCodeProject\bmslogic\extern\pybind11\tests\test_async.cpp", "C++", 0, 0, 15, 0, 0, 0, 0, 0, 0, 0, 0, 0, 0, 8, 3, 26
"c:\Users\Moin\VSCodeProject\bmslogic\extern\pybind11\tests\test_async.py", "Python", 0, 15, 0, 0, 0, 0, 0, 0, 0, 0, 0, 0, 0, 0, 10, 25
"c:\Users\Moin\VSCodeProject\bmslogic\extern\pybind11\tests\test_buffers.cpp", "C++", 0, 0, 206, 0, 0, 0, 0, 0, 0, 0, 0, 0, 0, 21, 33, 260
"c:\Users\Moin\VSCodeProject\bmslogic\extern\pybind11\tests\test_buffers.py", "Python", 0, 180, 0, 0, 0, 0, 0, 0, 0, 0, 0, 0, 0, 7, 42, 229
"c:\Users\Moin\VSCodeProject\bmslogic\extern\pybind11\tests\test_builtin_casters.cpp", "C++", 0, 0, 301, 0, 0, 0, 0, 0, 0, 0, 0, 0, 0, 49, 43, 393
"c:\Users\Moin\VSCodeProject\bmslogic\extern\pybind11\tests\test_builtin_casters.py", "Python", 0, 405, 0, 0, 0, 0, 0, 0, 0, 0, 0, 0, 0, 18, 106, 529
"c:\Users\Moin\VSCodeProject\bmslogic\extern\pybind11\tests\test_call_policies.cpp", "C++", 0, 0, 83, 0, 0, 0, 0, 0, 0, 0, 0, 0, 0, 15, 18, 116
"c:\Users\Moin\VSCodeProject\bmslogic\extern\pybind11\tests\test_call_policies.py", "Python", 0, 217, 0, 0, 0, 0, 0, 0, 0, 0, 0, 0, 0, 2, 29, 248
"c:\Users\Moin\VSCodeProject\bmslogic\extern\pybind11\tests\test_callbacks.cpp", "C++", 0, 0, 212, 0, 0, 0, 0, 0, 0, 0, 0, 0, 0, 37, 32, 281
"c:\Users\Moin\VSCodeProject\bmslogic\extern\pybind11\tests\test_callbacks.py", "Python", 0, 165, 0, 0, 0, 0, 0, 0, 0, 0, 0, 0, 0, 9, 52, 226
"c:\Users\Moin\VSCodeProject\bmslogic\extern\pybind11\tests\test_chrono.cpp", "C++", 0, 0, 41, 0, 0, 0, 0, 0, 0, 0, 0, 0, 0, 25, 16, 82
"c:\Users\Moin\VSCodeProject\bmslogic\extern\pybind11\tests\test_chrono.py", "Python", 0, 124, 0, 0, 0, 0, 0, 0, 0, 0, 0, 0, 0, 23, 59, 206
"c:\Users\Moin\VSCodeProject\bmslogic\extern\pybind11\tests\test_class.cpp", "C++", 0, 0, 499, 0, 0, 0, 0, 0, 0, 0, 0, 0, 0, 70, 89, 658
"c:\Users\Moin\VSCodeProject\bmslogic\extern\pybind11\tests\test_class.py", "Python", 0, 362, 0, 0, 0, 0, 0, 0, 0, 0, 0, 0, 0, 23, 115, 500
"c:\Users\Moin\VSCodeProject\bmslogic\extern\pybind11\tests\test_cmake_build\embed.cpp", "C++", 0, 0, 18, 0, 0, 0, 0, 0, 0, 0, 0, 0, 0, 0, 6, 24
"c:\Users\Moin\VSCodeProject\bmslogic\extern\pybind11\tests\test_cmake_build\main.cpp", "C++", 0, 0, 5, 0, 0, 0, 0, 0, 0, 0, 0, 0, 0, 0, 2, 7
"c:\Users\Moin\VSCodeProject\bmslogic\extern\pybind11\tests\test_cmake_build\test.py", "Python", 0, 5, 0, 0, 0, 0, 0, 0, 0, 0, 0, 0, 0, 0, 4, 9
"c:\Users\Moin\VSCodeProject\bmslogic\extern\pybind11\tests\test_const_name.cpp", "C++", 0, 0, 45, 0, 0, 0, 0, 0, 0, 0, 0, 0, 0, 4, 7, 56
"c:\Users\Moin\VSCodeProject\bmslogic\extern\pybind11\tests\test_const_name.py", "Python", 0, 26, 0, 0, 0, 0, 0, 0, 0, 0, 0, 0, 0, 0, 4, 30
"c:\Users\Moin\VSCodeProject\bmslogic\extern\pybind11\tests\test_constants_and_functions.cpp", "C++", 0, 0, 113, 0, 0, 0, 0, 0, 0, 0, 0, 0, 0, 26, 20, 159
"c:\Users\Moin\VSCodeProject\bmslogic\extern\pybind11\tests\test_constants_and_functions.py", "Python", 0, 40, 0, 0, 0, 0, 0, 0, 0, 0, 0, 0, 0, 0, 17, 57
"c:\Users\Moin\VSCodeProject\bmslogic\extern\pybind11\tests\test_copy_move.cpp", "C++", 0, 0, 423, 0, 0, 0, 0, 0, 0, 0, 0, 0, 0, 73, 38, 534
"c:\Users\Moin\VSCodeProject\bmslogic\extern\pybind11\tests\test_copy_move.py", "Python", 0, 93, 0, 0, 0, 0, 0, 0, 0, 0, 0, 0, 0, 10, 30, 133
"c:\Users\Moin\VSCodeProject\bmslogic\extern\pybind11\tests\test_custom_type_casters.cpp", "C++", 0, 0, 169, 0, 0, 0, 0, 0, 0, 0, 0, 0, 0, 29, 24, 222
"c:\Users\Moin\VSCodeProject\bmslogic\extern\pybind11\tests\test_custom_type_casters.py", "Python", 0, 101, 0, 0, 0, 0, 0, 0, 0, 0, 0, 0, 0, 4, 18, 123
"c:\Users\Moin\VSCodeProject\bmslogic\extern\pybind11\tests\test_custom_type_setup.cpp", "C++", 0, 0, 27, 0, 0, 0, 0, 0, 0, 0, 0, 0, 0, 8, 7, 42
"c:\Users\Moin\VSCodeProject\bmslogic\extern\pybind11\tests\test_custom_type_setup.py", "Python", 0, 32, 0, 0, 0, 0, 0, 0, 0, 0, 0, 0, 0, 3, 14, 49
"c:\Users\Moin\VSCodeProject\bmslogic\extern\pybind11\tests\test_docstring_options.cpp", "C++", 0, 0, 102, 0, 0, 0, 0, 0, 0, 0, 0, 0, 0, 9, 31, 142
"c:\Users\Moin\VSCodeProject\bmslogic\extern\pybind11\tests\test_docstring_options.py", "Python", 0, 28, 0, 0, 0, 0, 0, 0, 0, 0, 0, 0, 0, 18, 19, 65
"c:\Users\Moin\VSCodeProject\bmslogic\extern\pybind11\tests\test_eigen_matrix.cpp", "C++", 0, 0, 323, 0, 0, 0, 0, 0, 0, 0, 0, 0, 0, 81, 42, 446
"c:\Users\Moin\VSCodeProject\bmslogic\extern\pybind11\tests\test_eigen_matrix.py", "Python", 0, 653, 0, 0, 0, 0, 0, 0, 0, 0, 0, 0, 0, 29, 133, 815
"c:\Users\Moin\VSCodeProject\bmslogic\extern\pybind11\tests\test_eigen_tensor.cpp", "C++", 0, 0, 7, 0, 0, 0, 0, 0, 0, 0, 0, 0, 0, 6, 6, 19
"c:\Users\Moin\VSCodeProject\bmslogic\extern\pybind11\tests\test_eigen_tensor.inl", "C++", 0, 0, 265, 0, 0, 0, 0, 0, 0, 0, 0, 0, 0, 7, 62, 334
"c:\Users\Moin\VSCodeProject\bmslogic\extern\pybind11\tests\test_eigen_tensor.py", "Python", 0, 228, 0, 0, 0, 0, 0, 0, 0, 0, 0, 0, 0, 3, 58, 289
"c:\Users\Moin\VSCodeProject\bmslogic\extern\pybind11\tests\test_embed\catch.cpp", "C++", 0, 0, 28, 0, 0, 0, 0, 0, 0, 0, 0, 0, 0, 6, 10, 44
"c:\Users\Moin\VSCodeProject\bmslogic\extern\pybind11\tests\test_embed\external_module.cpp", "C++", 0, 0, 12, 0, 0, 0, 0, 0, 0, 0, 0, 0, 0, 3, 6, 21
"c:\Users\Moin\VSCodeProject\bmslogic\extern\pybind11\tests\test_embed\test_interpreter.cpp", "C++", 0, 0, 371, 0, 0, 0, 0, 0, 0, 0, 0, 0, 0, 36, 82, 489
"c:\Users\Moin\VSCodeProject\bmslogic\extern\pybind11\tests\test_embed\test_interpreter.py", "Python", 0, 9, 0, 0, 0, 0, 0, 0, 0, 0, 0, 0, 0, 0, 6, 15
"c:\Users\Moin\VSCodeProject\bmslogic\extern\pybind11\tests\test_embed\test_trampoline.py", "Python", 0, 10, 0, 0, 0, 0, 0, 0, 0, 0, 0, 0, 0, 0, 7, 17
"c:\Users\Moin\VSCodeProject\bmslogic\extern\pybind11\tests\test_enum.cpp", "C++", 0, 0, 94, 0, 0, 0, 0, 0, 0, 0, 0, 0, 0, 22, 18, 134
"c:\Users\Moin\VSCodeProject\bmslogic\extern\pybind11\tests\test_enum.py", "Python", 0, 192, 0, 0, 0, 0, 0, 0, 0, 0, 0, 0, 0, 26, 52, 270
"c:\Users\Moin\VSCodeProject\bmslogic\extern\pybind11\tests\test_eval.cpp", "C++", 0, 0, 84, 0, 0, 0, 0, 0, 0, 0, 0, 0, 0, 13, 22, 119
"c:\Users\Moin\VSCodeProject\bmslogic\extern\pybind11\tests\test_eval.py", "Python", 0, 32, 0, 0, 0, 0, 0, 0, 0, 0, 0, 0, 0, 0, 19, 51
"c:\Users\Moin\VSCodeProject\bmslogic\extern\pybind11\tests\test_eval_call.py", "Python", 0, 2, 0, 0, 0, 0, 0, 0, 0, 0, 0, 0, 0, 1, 2, 5
"c:\Users\Moin\VSCodeProject\bmslogic\extern\pybind11\tests\test_exceptions.cpp", "C++", 0, 0, 300, 0, 0, 0, 0, 0, 0, 0, 0, 0, 0, 45, 44, 389
"c:\Users\Moin\VSCodeProject\bmslogic\extern\pybind11\tests\test_exceptions.h", "C++", 0, 0, 9, 0, 0, 0, 0, 0, 0, 0, 0, 0, 0, 1, 4, 14
"c:\Users\Moin\VSCodeProject\bmslogic\extern\pybind11\tests\test_exceptions.py", "Python", 0, 311, 0, 0, 0, 0, 0, 0, 0, 0, 0, 0, 0, 27, 95, 433
"c:\Users\Moin\VSCodeProject\bmslogic\extern\pybind11\tests\test_factory_constructors.cpp", "C++", 0, 0, 326, 0, 0, 0, 0, 0, 0, 0, 0, 0, 0, 69, 36, 431
"c:\Users\Moin\VSCodeProject\bmslogic\extern\pybind11\tests\test_factory_constructors.py", "Python", 0, 413, 0, 0, 0, 0, 0, 0, 0, 0, 0, 0, 0, 8, 96, 517
"c:\Users\Moin\VSCodeProject\bmslogic\extern\pybind11\tests\test_gil_scoped.cpp", "C++", 0, 0, 126, 0, 0, 0, 0, 0, 0, 0, 0, 0, 0, 8, 11, 145
"c:\Users\Moin\VSCodeProject\bmslogic\extern\pybind11\tests\test_gil_scoped.py", "Python", 0, 169, 0, 0, 0, 0, 0, 0, 0, 0, 0, 0, 0, 9, 65, 243
"c:\Users\Moin\VSCodeProject\bmslogic\extern\pybind11\tests\test_iostream.cpp", "C++", 0, 0, 83, 0, 0, 0, 0, 0, 0, 0, 0, 0, 0, 18, 26, 127
"c:\Users\Moin\VSCodeProject\bmslogic\extern\pybind11\tests\test_iostream.py", "Python", 0, 213, 0, 0, 0, 0, 0, 0, 0, 0, 0, 0, 0, 6, 73, 292
"c:\Users\Moin\VSCodeProject\bmslogic\extern\pybind11\tests\test_kwargs_and_defaults.cpp", "C++", 0, 0, 261, 0, 0, 0, 0, 0, 0, 0, 0, 0, 0, 39, 28, 328
"c:\Users\Moin\VSCodeProject\bmslogic\extern\pybind11\tests\test_kwargs_and_defaults.py", "Python", 0, 349, 0, 0, 0, 0, 0, 0, 0, 0, 0, 0, 0, 13, 64, 426
"c:\Users\Moin\VSCodeProject\bmslogic\extern\pybind11\tests\test_local_bindings.cpp", "C++", 0, 0, 56, 0, 0, 0, 0, 0, 0, 0, 0, 0, 0, 33, 18, 107
"c:\Users\Moin\VSCodeProject\bmslogic\extern\pybind11\tests\test_local_bindings.py", "Python", 0, 191, 0, 0, 0, 0, 0, 0, 0, 0, 0, 0, 0, 10, 57, 258
"c:\Users\Moin\VSCodeProject\bmslogic\extern\pybind11\tests\test_methods_and_attributes.cpp", "C++", 0, 0, 388, 0, 0, 0, 0, 0, 0, 0, 0, 0, 0, 50, 56, 494
"c:\Users\Moin\VSCodeProject\bmslogic\extern\pybind11\tests\test_methods_and_attributes.py", "Python", 0, 415, 0, 0, 0, 0, 0, 0, 0, 0, 0, 0, 0, 13, 110, 538
"c:\Users\Moin\VSCodeProject\bmslogic\extern\pybind11\tests\test_modules.cpp", "C++", 0, 0, 95, 0, 0, 0, 0, 0, 0, 0, 0, 0, 0, 17, 14, 126
"c:\Users\Moin\VSCodeProject\bmslogic\extern\pybind11\tests\test_modules.py", "Python", 0, 81, 0, 0, 0, 0, 0, 0, 0, 0, 0, 0, 0, 9, 27, 117
"c:\Users\Moin\VSCodeProject\bmslogic\extern\pybind11\tests\test_multiple_inheritance.cpp", "C++", 0, 0, 259, 0, 0, 0, 0, 0, 0, 0, 0, 0, 0, 51, 32, 342
"c:\Users\Moin\VSCodeProject\bmslogic\extern\pybind11\tests\test_multiple_inheritance.py", "Python", 0, 361, 0, 0, 0, 0, 0, 0, 0, 0, 0, 0, 0, 12, 121, 494
"c:\Users\Moin\VSCodeProject\bmslogic\extern\pybind11\tests\test_numpy_array.cpp", "C++", 0, 0, 442, 0, 0, 0, 0, 0, 0, 0, 0, 0, 0, 51, 60, 553
"c:\Users\Moin\VSCodeProject\bmslogic\extern\pybind11\tests\test_numpy_array.py", "Python", 0, 511, 0, 0, 0, 0, 0, 0, 0, 0, 0, 0, 0, 38, 126, 675
"c:\Users\Moin\VSCodeProject\bmslogic\extern\pybind11\tests\test_numpy_dtypes.cpp", "C++", 0, 0, 545, 0, 0, 0, 0, 0, 0, 0, 0, 0, 0, 35, 60, 640
"c:\Users\Moin\VSCodeProject\bmslogic\extern\pybind11\tests\test_numpy_dtypes.py", "Python", 0, 356, 0, 0, 0, 0, 0, 0, 0, 0, 0, 0, 0, 10, 83, 449
"c:\Users\Moin\VSCodeProject\bmslogic\extern\pybind11\tests\test_numpy_vectorize.cpp", "C++", 0, 0, 66, 0, 0, 0, 0, 0, 0, 0, 0, 0, 0, 27, 15, 108
"c:\Users\Moin\VSCodeProject\bmslogic\extern\pybind11\tests\test_numpy_vectorize.py", "Python", 0, 242, 0, 0, 0, 0, 0, 0, 0, 0, 0, 0, 0, 1, 24, 267
"c:\Users\Moin\VSCodeProject\bmslogic\extern\pybind11\tests\test_opaque_types.cpp", "C++", 0, 0, 49, 0, 0, 0, 0, 0, 0, 0, 0, 0, 0, 17, 12, 78
"c:\Users\Moin\VSCodeProject\bmslogic\extern\pybind11\tests\test_opaque_types.py", "Python", 0, 44, 0, 0, 0, 0, 0, 0, 0, 0, 0, 0, 0, 0, 15, 59
"c:\Users\Moin\VSCodeProject\bmslogic\extern\pybind11\tests\test_operator_overloading.cpp", "C++", 0, 0, 215, 0, 0, 0, 0, 0, 0, 0, 0, 0, 0, 32, 35, 282
"c:\Users\Moin\VSCodeProject\bmslogic\extern\pybind11\tests\test_operator_overloading.py", "Python", 0, 123, 0, 0, 0, 0, 0, 0, 0, 0, 0, 0, 0, 2, 27, 152
"c:\Users\Moin\VSCodeProject\bmslogic\extern\pybind11\tests\test_pickling.cpp", "C++", 0, 0, 144, 0, 0, 0, 0, 0, 0, 0, 0, 0, 0, 21, 30, 195
"c:\Users\Moin\VSCodeProject\bmslogic\extern\pybind11\tests\test_pickling.py", "Python", 0, 65, 0, 0, 0, 0, 0, 0, 0, 0, 0, 0, 0, 9, 20, 94
"c:\Users\Moin\VSCodeProject\bmslogic\extern\pybind11\tests\test_python_multiple_inheritance.cpp", "C++", 0, 0, 32, 0, 0, 0, 0, 0, 0, 0, 0, 0, 0, 2, 12, 46
"c:\Users\Moin\VSCodeProject\bmslogic\extern\pybind11\tests\test_python_multiple_inheritance.py", "Python", 0, 23, 0, 0, 0, 0, 0, 0, 0, 0, 0, 0, 0, 2, 11, 36
"c:\Users\Moin\VSCodeProject\bmslogic\extern\pybind11\tests\test_pytypes.cpp", "C++", 0, 0, 679, 0, 0, 0, 0, 0, 0, 0, 0, 0, 0, 57, 111, 847
"c:\Users\Moin\VSCodeProject\bmslogic\extern\pybind11\tests\test_pytypes.py", "Python", 0, 753, 0, 0, 0, 0, 0, 0, 0, 0, 0, 0, 0, 6, 196, 955
"c:\Users\Moin\VSCodeProject\bmslogic\extern\pybind11\tests\test_sequences_and_iterators.cpp", "C++", 0, 0, 487, 0, 0, 0, 0, 0, 0, 0, 0, 0, 0, 47, 67, 601
"c:\Users\Moin\VSCodeProject\bmslogic\extern\pybind11\tests\test_sequences_and_iterators.py", "Python", 0, 199, 0, 0, 0, 0, 0, 0, 0, 0, 0, 0, 0, 2, 65, 266
"c:\Users\Moin\VSCodeProject\bmslogic\extern\pybind11\tests\test_smart_ptr.cpp", "C++", 0, 0, 336, 0, 0, 0, 0, 0, 0, 0, 0, 0, 0, 73, 65, 474
"c:\Users\Moin\VSCodeProject\bmslogic\extern\pybind11\tests\test_smart_ptr.py", "Python", 0, 248, 0, 0, 0, 0, 0, 0, 0, 0, 0, 0, 0, 11, 57, 316
"c:\Users\Moin\VSCodeProject\bmslogic\extern\pybind11\tests\test_stl.cpp", "C++", 0, 0, 417, 0, 0, 0, 0, 0, 0, 0, 0, 0, 0, 60, 75, 552
"c:\Users\Moin\VSCodeProject\bmslogic\extern\pybind11\tests\test_stl.py", "Python", 0, 287, 0, 0, 0, 0, 0, 0, 0, 0, 0, 0, 0, 3, 92, 382
"c:\Users\Moin\VSCodeProject\bmslogic\extern\pybind11\tests\test_stl_binders.cpp", "C++", 0, 0, 208, 0, 0, 0, 0, 0, 0, 0, 0, 0, 0, 33, 36, 277
"c:\Users\Moin\VSCodeProject\bmslogic\extern\pybind11\tests\test_stl_binders.py", "Python", 0, 287, 0, 0, 0, 0, 0, 0, 0, 0, 0, 0, 0, 19, 88, 394
"c:\Users\Moin\VSCodeProject\bmslogic\extern\pybind11\tests\test_tagbased_polymorphic.cpp", "C++", 0, 0, 111, 0, 0, 0, 0, 0, 0, 0, 0, 0, 0, 15, 22, 148
"c:\Users\Moin\VSCodeProject\bmslogic\extern\pybind11\tests\test_tagbased_polymorphic.py", "Python", 0, 26, 0, 0, 0, 0, 0, 0, 0, 0, 0, 0, 0, 0, 3, 29
"c:\Users\Moin\VSCodeProject\bmslogic\extern\pybind11\tests\test_thread.cpp", "C++", 0, 0, 37, 0, 0, 0, 0, 0, 0, 0, 0, 0, 0, 14, 16, 67
"c:\Users\Moin\VSCodeProject\bmslogic\extern\pybind11\tests\test_thread.py", "Python", 0, 33, 0, 0, 0, 0, 0, 0, 0, 0, 0, 0, 0, 0, 10, 43
"c:\Users\Moin\VSCodeProject\bmslogic\extern\pybind11\tests\test_type_caster_pyobject_ptr.cpp", "C++", 0, 0, 110, 0, 0, 0, 0, 0, 0, 0, 0, 0, 0, 4, 17, 131
"c:\Users\Moin\VSCodeProject\bmslogic\extern\pybind11\tests\test_type_caster_pyobject_ptr.py", "Python", 0, 65, 0, 0, 0, 0, 0, 0, 0, 0, 0, 0, 0, 5, 35, 105
"c:\Users\Moin\VSCodeProject\bmslogic\extern\pybind11\tests\test_union.cpp", "C++", 0, 0, 11, 0, 0, 0, 0, 0, 0, 0, 0, 0, 0, 8, 4, 23
"c:\Users\Moin\VSCodeProject\bmslogic\extern\pybind11\tests\test_union.py", "Python", 0, 5, 0, 0, 0, 0, 0, 0, 0, 0, 0, 0, 0, 0, 4, 9
"c:\Users\Moin\VSCodeProject\bmslogic\extern\pybind11\tests\test_unnamed_namespace_a.cpp", "C++", 0, 0, 36, 0, 0, 0, 0, 0, 0, 0, 0, 0, 0, 0, 3, 39
"c:\Users\Moin\VSCodeProject\bmslogic\extern\pybind11\tests\test_unnamed_namespace_a.py", "Python", 0, 26, 0, 0, 0, 0, 0, 0, 0, 0, 0, 0, 0, 0, 9, 35
"c:\Users\Moin\VSCodeProject\bmslogic\extern\pybind11\tests\test_unnamed_namespace_b.cpp", "C++", 0, 0, 11, 0, 0, 0, 0, 0, 0, 0, 0, 0, 0, 0, 3, 14
"c:\Users\Moin\VSCodeProject\bmslogic\extern\pybind11\tests\test_unnamed_namespace_b.py", "Python", 0, 3, 0, 0, 0, 0, 0, 0, 0, 0, 0, 0, 0, 0, 3, 6
"c:\Users\Moin\VSCodeProject\bmslogic\extern\pybind11\tests\test_vector_unique_ptr_member.cpp", "C++", 0, 0, 37, 0, 0, 0, 0, 0, 0, 0, 0, 0, 0, 1, 17, 55
"c:\Users\Moin\VSCodeProject\bmslogic\extern\pybind11\tests\test_vector_unique_ptr_member.py", "Python", 0, 9, 0, 0, 0, 0, 0, 0, 0, 0, 0, 0, 0, 0, 6, 15
"c:\Users\Moin\VSCodeProject\bmslogic\extern\pybind11\tests\test_virtual_functions.cpp", "C++", 0, 0, 430, 0, 0, 0, 0, 0, 0, 0, 0, 0, 0, 91, 72, 593
"c:\Users\Moin\VSCodeProject\bmslogic\extern\pybind11\tests\test_virtual_functions.py", "Python", 0, 346, 0, 0, 0, 0, 0, 0, 0, 0, 0, 0, 0, 20, 93, 459
"c:\Users\Moin\VSCodeProject\bmslogic\extern\pybind11\tools\FindCatch.cmake", "CMake", 0, 0, 0, 0, 0, 0, 68, 0, 0, 0, 0, 0, 0, 0, 9, 77
"c:\Users\Moin\VSCodeProject\bmslogic\extern\pybind11\tools\FindEigen3.cmake", "CMake", 0, 0, 0, 0, 0, 0, 70, 0, 0, 0, 0, 0, 0, 0, 17, 87
"c:\Users\Moin\VSCodeProject\bmslogic\extern\pybind11\tools\FindPythonLibsNew.cmake", "CMake", 0, 0, 0, 0, 0, 0, 281, 0, 0, 0, 0, 0, 0, 0, 30, 311
"c:\Users\Moin\VSCodeProject\bmslogic\extern\pybind11\tools\JoinPaths.cmake", "CMake", 0, 0, 0, 0, 0, 0, 23, 0, 0, 0, 0, 0, 0, 0, 1, 24
"c:\Users\Moin\VSCodeProject\bmslogic\extern\pybind11\tools\check-style.sh", "Shell Script", 0, 0, 0, 0, 0, 0, 0, 0, 26, 0, 0, 0, 0, 13, 6, 45
"c:\Users\Moin\VSCodeProject\bmslogic\extern\pybind11\tools\codespell_ignore_lines_from_errors.py", "Python", 0, 30, 0, 0, 0, 0, 0, 0, 0, 0, 0, 0, 0, 0, 10, 40
"c:\Users\Moin\VSCodeProject\bmslogic\extern\pybind11\tools\libsize.py", "Python", 0, 23, 0, 0, 0, 0, 0, 0, 0, 0, 0, 0, 0, 4, 10, 37
"c:\Users\Moin\VSCodeProject\bmslogic\extern\pybind11\tools\make_changelog.py", "Python", 0, 75, 0, 0, 0, 0, 0, 0, 0, 0, 0, 0, 0, 1, 15, 91
"c:\Users\Moin\VSCodeProject\bmslogic\extern\pybind11\tools\pybind11Common.cmake", "CMake", 0, 0, 0, 0, 0, 0, 365, 0, 0, 0, 0, 0, 0, 0, 55, 420
"c:\Users\Moin\VSCodeProject\bmslogic\extern\pybind11\tools\pybind11NewTools.cmake", "CMake", 0, 0, 0, 0, 0, 0, 269, 0, 0, 0, 0, 0, 0, 0, 43, 312
"c:\Users\Moin\VSCodeProject\bmslogic\extern\pybind11\tools\pybind11Tools.cmake", "CMake", 0, 0, 0, 0, 0, 0, 208, 0, 0, 0, 0, 0, 0, 0, 32, 240
"c:\Users\Moin\VSCodeProject\bmslogic\extern\pybind11\tools\pyproject.toml", "toml", 0, 0, 0, 0, 0, 0, 0, 3, 0, 0, 0, 0, 0, 0, 1, 4
"c:\Users\Moin\VSCodeProject\bmslogic\requirements.txt", "pip requirements", 8, 0, 0, 0, 0, 0, 0, 0, 0, 0, 0, 0, 0, 0, 0, 8
"c:\Users\Moin\VSCodeProject\bmslogic\tests\__init__.py", "Python", 0, 0, 0, 0, 0, 0, 0, 0, 0, 0, 0, 0, 0, 0, 1, 1
"c:\Users\Moin\VSCodeProject\bmslogic\tests\path_definations.py", "Python", 0, 8, 0, 0, 0, 0, 0, 0, 0, 0, 0, 0, 0, 0, 4, 12
"c:\Users\Moin\VSCodeProject\bmslogic\tests\simulations\__init__.py", "Python", 0, 0, 0, 0, 0, 0, 0, 0, 0, 0, 0, 0, 0, 0, 1, 1
"c:\Users\Moin\VSCodeProject\bmslogic\tests\simulations\cell\__init__.py", "Python", 0, 0, 0, 0, 0, 0, 0, 0, 0, 0, 0, 0, 0, 0, 1, 1
"c:\Users\Moin\VSCodeProject\bmslogic\tests\simulations\cell\parameters_funcs.py", "Python", 0, 21, 0, 0, 0, 0, 0, 0, 0, 0, 0, 0, 0, 0, 5, 26
"c:\Users\Moin\VSCodeProject\bmslogic\tests\simulations\cell\py_solvers\__init__.py", "Python", 0, 0, 0, 0, 0, 0, 0, 0, 0, 0, 0, 0, 0, 0, 1, 1
"c:\Users\Moin\VSCodeProject\bmslogic\tests\simulations\cell\py_solvers\test_py_battery.py", "Python", 0, 156, 0, 0, 0, 0, 0, 0, 0, 0, 0, 0, 0, 0, 22, 178
"c:\Users\Moin\VSCodeProject\bmslogic\tests\simulations\cell\py_solvers\test_py_coords.py", "Python", 0, 108, 0, 0, 0, 0, 0, 0, 0, 0, 0, 0, 0, 5, 24, 137
"c:\Users\Moin\VSCodeProject\bmslogic\tests\simulations\cell\py_solvers\test_py_degradation.py", "Python", 0, 70, 0, 0, 0, 0, 0, 0, 0, 0, 0, 0, 0, 12, 19, 101
"c:\Users\Moin\VSCodeProject\bmslogic\tests\simulations\cell\py_solvers\test_py_electrode_conc.py", "Python", 0, 138, 0, 0, 0, 0, 0, 0, 0, 0, 0, 0, 0, 6, 31, 175
"c:\Users\Moin\VSCodeProject\bmslogic\tests\simulations\cell\py_solvers\test_py_electrolyte_conc.py", "Python", 0, 291, 0, 0, 0, 0, 0, 0, 0, 0, 0, 0, 0, 2, 47, 340
"c:\Users\Moin\VSCodeProject\bmslogic\tests\simulations\cell\test_battery_components.py", "Python", 0, 303, 0, 0, 0, 0, 0, 0, 0, 0, 0, 0, 0, 11, 54, 368
"c:\Users\Moin\VSCodeProject\bmslogic\tests\simulations\cell\test_cyclers.py", "Python", 0, 153, 0, 0, 0, 0, 0, 0, 0, 0, 0, 0, 0, 3, 39, 195
"c:\Users\Moin\VSCodeProject\bmslogic\tests\simulations\cell\test_models.py", "Python", 0, 129, 0, 0, 0, 0, 0, 0, 0, 0, 0, 0, 0, 7, 33, 169
"c:\Users\Moin\VSCodeProject\bmslogic\tests\simulations\cell\test_py_battery_components.py", "Python", 0, 340, 0, 0, 0, 0, 0, 0, 0, 0, 0, 0, 0, 15, 56, 411
"c:\Users\Moin\VSCodeProject\bmslogic\tests\simulations\cell\test_py_cyclers.py", "Python", 0, 71, 0, 0, 0, 0, 0, 0, 0, 0, 0, 0, 0, 0, 23, 94
"c:\Users\Moin\VSCodeProject\bmslogic\tests\simulations\cell\test_py_models.py", "Python", 0, 231, 0, 0, 0, 0, 0, 0, 0, 0, 0, 0, 0, 8, 60, 299
"c:\Users\Moin\VSCodeProject\bmslogic\tests\simulations\cell\test_py_parameter_set_manager.py", "Python", 0, 177, 0, 0, 0, 0, 0, 0, 0, 0, 0, 0, 0, 14, 46, 237
"c:\Users\Moin\VSCodeProject\bmslogic\tests\simulations\cell\test_py_solution.py", "Python", 0, 48, 0, 0, 0, 0, 0, 0, 0, 0, 0, 0, 0, 1, 13, 62
"c:\Users\Moin\VSCodeProject\bmslogic\tests\simulations\cell\test_solutions_and_plots.py", "Python", 0, 43, 0, 0, 0, 0, 0, 0, 0, 0, 0, 0, 0, 37, 17, 97
"c:\Users\Moin\VSCodeProject\bmslogic\tests\simulations\cell\test_solvers.py", "Python", 0, 211, 0, 0, 0, 0, 0, 0, 0, 0, 0, 0, 0, 9, 38, 258
"Total", "-", 29, 17575, 27060, 562, 7858, 61, 1284, 86, 26, 854, 3, 1475, 32, 8614, 13087, 78606